"iteration","y","feasible","violation","f_best_so_far","true_evals","x1","x2","x3","x4","x5","x6","x7","x8","x9","x10","x11","x12","x13","x14","x15","x16"
0,9,0,14,12,1,1,1,0,1,1,1,0,0,1,1,1,0,0,1,0,0
0,6,0,25,12,2,1,0,0,1,0,0,0,0,1,1,1,0,1,0,0,0
0,6,0,18,12,3,0,1,0,1,0,0,1,0,1,0,1,1,0,0,0,0
0,10,0,18,12,4,1,1,1,1,1,0,1,1,0,0,0,1,0,1,1,0
0,11,0,7,12,5,1,0,0,1,1,1,1,1,1,1,0,0,1,1,0,1
0,9,0,20,12,6,1,1,1,0,1,1,0,1,0,1,0,1,0,0,0,1
0,7,0,14,12,7,1,0,1,0,0,1,1,0,0,1,1,0,0,1,0,0
0,7,0,52,12,8,0,1,1,1,0,1,1,1,0,1,0,0,0,0,0,0
0,5,0,71,12,9,1,0,1,1,0,1,0,0,0,0,0,0,0,1,0,0
0,6,0,46,12,10,1,1,1,0,0,0,1,0,0,0,0,0,1,1,0,0
0,8,0,11,12,11,0,1,0,0,1,1,1,1,1,0,1,0,0,0,1,0
0,9,0,12,12,12,1,1,0,0,0,1,1,0,0,1,1,0,0,1,1,1
0,4,0,137,12,13,1,0,0,0,0,1,1,1,0,0,0,0,0,0,0,0
0,5,0,29,12,14,0,1,1,0,1,0,1,0,0,0,0,0,1,0,0,0
0,6,0,32,12,15,0,0,0,0,1,1,1,1,0,0,0,1,0,1,0,0
0,12,0,2,12,16,1,1,1,1,1,1,1,1,0,0,1,1,1,0,0,1
0,7,0,16,12,17,1,0,1,0,0,0,1,0,1,1,1,0,0,0,1,0
0,6,0,47,12,18,0,0,0,0,1,0,0,0,1,0,0,1,1,0,1,1
0,11,0,10,12,19,0,1,0,1,1,1,1,0,1,1,1,1,1,0,0,1
0,12,1,0,12,20,1,1,1,0,1,1,1,1,1,1,1,0,1,0,0,1
1,8,0,30,12,21,0,1,1,0,1,0,0,0,0,1,1,0,1,1,1,0
2,9,0,16,12,22,1,1,1,0,1,0,1,0,1,1,1,0,0,0,0,1
3,10,0,16,12,23,0,1,1,0,1,0,1,0,1,1,1,1,1,1,0,0
4,11,0,16,12,24,1,1,1,1,1,0,1,0,1,1,1,0,0,1,0,1
5,12,0,8,12,25,1,1,1,0,1,1,1,0,1,1,1,1,0,1,1,0
6,13,0,1,12,26,0,1,0,1,1,1,1,1,1,1,1,1,0,1,1,1
7,14,0,8,12,27,1,1,1,1,1,1,1,0,1,1,1,0,1,1,1,1
8,15,1,0,12,28,1,1,1,1,1,1,1,1,1,1,1,1,1,0,1,1
9,15,1,0,12,29,1,1,1,1,1,1,1,1,1,1,1,1,1,1,0,1
10,14,1,0,12,30,1,1,1,0,1,1,1,1,1,1,1,1,1,1,0,1
11,14,1,0,12,31,1,1,0,1,1,1,1,1,1,1,1,1,0,1,1,1
12,15,1,0,12,32,1,1,1,1,1,1,1,1,1,1,1,1,1,1,0,1
13,16,1,0,12,33,1,1,1,1,1,1,1,1,1,1,1,1,1,1,1,1
14,16,1,0,12,34,1,1,1,1,1,1,1,1,1,1,1,1,1,1,1,1
15,15,1,0,12,35,1,1,1,1,1,1,1,1,1,1,1,1,0,1,1,1
16,12,0,2,12,36,0,1,1,1,1,1,1,1,0,0,1,1,1,1,0,1
17,15,1,0,12,37,1,1,1,1,1,1,1,1,1,1,1,1,0,1,1,1
18,12,0,2,12,38,0,1,1,0,1,1,1,1,0,1,1,1,1,1,0,1
19,11,1,0,11,39,0,0,1,1,1,1,1,1,1,1,1,1,0,1,0,0
20,11,0,1,11,40,0,1,0,1,1,1,1,1,1,1,1,1,0,1,0,0
21,13,0,2,11,41,1,1,1,1,1,1,1,1,0,1,1,1,1,0,0,1
22,11,0,3,11,42,0,0,1,0,1,1,1,1,1,1,1,1,0,1,0,1
23,15,1,0,11,43,1,1,1,1,1,1,1,1,1,1,1,1,1,1,0,1
24,12,1,0,11,44,0,0,1,1,1,1,1,1,1,1,1,1,0,1,1,0
25,14,1,0,11,45,1,0,1,1,1,1,1,1,1,1,1,0,1,1,1,1
26,12,0,3,11,46,0,1,0,1,1,1,1,1,1,1,1,0,1,1,0,1
27,11,1,0,11,47,0,1,1,1,1,1,1,1,1,0,1,1,0,0,1,0
28,12,0,1,11,48,0,1,0,1,1,1,1,1,1,1,1,1,0,1,1,0
29,10,1,0,10,49,0,1,1,1,1,1,1,1,1,0,1,1,0,0,0,0
30,13,1,0,10,50,0,1,1,1,1,1,1,1,1,0,1,1,1,0,1,1
31,11,1,0,10,51,0,1,1,1,1,1,1,1,1,0,1,1,0,1,0,0
32,15,1,0,10,52,1,1,1,1,1,1,1,1,1,1,1,1,1,1,0,1
33,14,1,0,10,53,1,1,1,0,1,1,1,1,1,1,1,1,1,0,1,1
34,11,1,0,10,54,0,1,1,1,1,1,1,1,1,0,1,1,0,0,1,0
35,9,0,8,10,55,0,0,1,1,0,1,1,0,1,1,1,0,1,1,0,0
36,15,1,0,10,56,1,1,1,1,1,1,1,1,1,1,1,1,1,1,0,1
37,15,1,0,10,57,1,1,1,1,1,1,1,1,1,1,1,1,1,1,0,1
38,9,1,0,9,58,0,1,1,0,1,1,1,1,1,0,1,1,0,0,0,0
39,12,1,0,9,59,0,1,1,1,1,1,1,1,1,0,1,1,1,0,0,1
40,14,1,0,9,60,1,0,1,1,1,1,1,1,1,1,1,1,1,1,0,1
41,13,1,0,9,61,1,1,1,0,1,1,1,1,1,1,1,1,1,0,0,1
42,16,1,0,9,62,1,1,1,1,1,1,1,1,1,1,1,1,1,1,1,1
43,12,0,7,9,63,0,1,1,1,1,1,1,1,1,0,0,1,1,1,0,1
44,11,1,0,9,64,0,1,1,1,1,1,1,1,1,0,1,1,1,0,0,0
45,13,1,0,9,65,1,1,1,1,1,1,1,1,1,1,1,1,0,1,0,0
46,13,1,0,9,66,1,1,1,1,1,1,1,1,1,1,1,1,0,1,0,0
47,8,0,2,9,67,0,1,1,0,1,0,1,1,1,0,1,1,0,0,0,0
48,15,1,0,9,68,1,1,1,1,1,1,1,1,1,1,1,1,1,0,1,1
49,16,1,0,9,69,1,1,1,1,1,1,1,1,1,1,1,1,1,1,1,1
50,15,1,0,9,70,1,1,1,1,1,1,1,1,1,0,1,1,1,1,1,1
51,12,1,0,9,71,1,1,1,1,1,1,1,1,1,1,1,1,0,0,0,0
52,8,0,8,9,72,0,1,1,0,0,1,1,0,1,1,1,1,0,0,0,0
53,14,1,0,9,73,1,1,1,1,1,1,1,1,1,1,1,1,1,1,0,0
54,14,1,0,9,74,1,1,1,1,1,1,1,1,1,0,1,1,1,0,1,1
55,13,1,0,9,75,1,1,1,1,1,1,1,1,1,0,1,1,1,0,1,0
56,14,1,0,9,76,1,1,1,0,1,1,1,1,1,1,1,1,1,1,1,0
57,12,1,0,9,77,1,0,1,1,1,1,1,1,1,1,1,1,0,1,0,0
58,13,1,0,9,78,1,1,1,1,1,1,1,1,1,1,1,1,1,0,0,0
59,14,1,0,9,79,1,1,1,0,1,1,1,1,1,1,1,1,1,1,1,0
60,14,1,0,9,80,1,1,1,0,1,1,1,1,1,0,1,1,1,1,1,1
61,15,1,0,9,81,1,0,1,1,1,1,1,1,1,1,1,1,1,1,1,1
62,8,0,2,9,82,0,1,1,0,1,0,1,1,1,0,1,1,0,0,0,0
63,13,1,0,9,83,1,1,1,1,1,1,1,1,1,1,1,1,0,0,0,1
64,12,1,0,9,84,1,1,1,0,1,1,1,1,1,0,1,1,0,1,1,0
65,15,1,0,9,85,1,1,1,1,1,1,1,1,1,1,1,1,1,1,1,0
66,14,1,0,9,86,1,1,1,1,1,1,1,1,1,1,1,1,1,1,0,0
67,13,1,0,9,87,1,1,1,1,1,1,1,1,1,0,1,1,0,0,1,1
68,14,1,0,9,88,1,1,1,1,1,1,1,1,1,1,1,1,1,1,0,0
69,13,1,0,9,89,1,1,1,0,1,1,1,1,1,1,1,1,1,0,1,0
70,13,1,0,9,90,1,1,1,1,1,1,1,1,1,0,1,1,0,0,1,1
71,13,0,8,9,91,0,1,1,1,0,1,1,0,1,1,1,1,1,1,1,1
72,13,1,0,9,92,1,1,1,1,1,1,1,1,1,1,1,1,0,1,0,0
73,15,1,0,9,93,1,1,1,1,1,1,1,1,1,1,1,1,1,1,1,0
74,12,1,0,9,94,1,1,1,1,1,1,1,1,1,0,1,1,0,0,1,0
75,12,1,0,9,95,1,1,1,1,1,1,1,1,1,0,1,1,0,0,1,0
76,10,1,0,9,96,1,1,1,0,1,1,1,1,1,0,1,1,0,0,0,0
77,8,0,8,9,97,0,1,1,0,1,1,1,0,1,0,1,1,0,0,0,0
78,8,0,16,9,98,0,0,1,1,0,0,1,0,1,1,1,0,0,1,1,0
79,13,1,0,9,99,1,1,1,1,1,1,1,1,1,0,1,1,0,1,1,0
80,12,0,7,9,100,0,0,1,1,1,1,1,1,1,1,0,1,1,1,1,0
81,11,1,0,9,101,1,1,1,1,1,1,1,1,1,0,1,1,0,0,0,0
82,13,1,0,9,102,1,1,1,1,1,1,1,1,1,0,1,1,1,1,0,0
83,13,1,0,9,103,1,1,1,0,1,1,1,1,1,0,1,1,1,1,0,1
84,8,0,2,9,104,0,1,0,0,1,1,1,1,1,0,1,1,0,0,0,0
85,11,1,0,9,105,1,1,1,0,1,1,1,1,1,1,1,0,0,0,1,0
86,14,1,0,9,106,1,1,1,1,1,1,1,1,1,1,1,1,0,1,1,0
87,15,1,0,9,107,1,1,1,1,1,1,1,1,1,0,1,1,1,1,1,1
88,14,1,0,9,108,1,0,1,1,1,1,1,1,1,1,1,0,1,1,1,1
89,15,1,0,9,109,1,1,1,1,1,1,1,1,1,0,1,1,1,1,1,1
90,12,1,0,9,110,1,1,1,0,1,1,1,1,1,1,1,0,1,0,1,0
91,13,1,0,9,111,1,1,1,1,1,1,1,1,1,1,1,1,0,1,0,0
92,14,1,0,9,112,1,1,1,1,1,1,1,1,1,0,1,1,1,1,1,0
93,8,0,18,9,113,1,0,1,1,1,1,0,0,0,1,1,1,0,0,0,0
94,12,1,0,9,114,1,1,1,1,1,1,1,1,1,1,1,1,0,0,0,0
95,14,1,0,9,115,1,1,1,1,1,1,1,1,1,1,1,1,1,1,0,0
96,8,0,2,9,116,0,1,0,0,1,1,1,1,1,0,1,1,0,0,0,0
97,14,1,0,9,117,1,1,1,1,1,1,1,1,1,1,1,1,1,1,0,0
98,12,1,0,9,118,1,1,0,0,1,1,1,1,1,1,1,1,0,1,1,0
99,12,1,0,9,119,1,1,1,1,1,1,1,1,1,0,1,1,1,0,0,0
100,13,1,0,9,120,1,1,1,0,1,1,1,1,1,1,1,1,1,0,1,0
101,12,1,0,9,121,1,1,1,1,1,1,1,1,1,0,1,1,0,1,0,0
102,15,1,0,9,122,1,1,1,1,1,1,1,1,1,1,1,1,1,1,1,0
103,8,0,10,9,123,1,0,0,0,1,1,1,0,1,1,1,0,0,1,0,0
104,11,1,0,9,124,1,1,1,0,1,1,1,1,1,0,1,1,0,0,1,0
105,14,1,0,9,125,1,1,1,1,1,1,1,1,1,1,1,1,1,1,0,0
106,13,1,0,9,126,1,1,0,1,1,1,1,1,1,0,1,1,1,1,1,0
107,13,0,7,9,127,1,1,1,1,1,1,1,1,1,1,0,0,1,1,0,1
108,8,0,3,9,128,1,1,0,0,1,0,1,1,1,0,1,1,0,0,0,0
109,12,1,0,9,129,1,1,1,1,1,1,1,1,1,0,1,1,0,0,1,0
110,13,1,0,9,130,1,1,1,0,1,1,1,1,1,1,1,1,1,0,1,0
111,14,1,0,9,131,1,1,1,1,1,1,1,1,1,0,1,1,1,0,1,1
112,12,1,0,9,132,1,1,1,0,1,1,1,1,1,0,1,1,0,1,1,0
113,13,1,0,9,133,1,1,1,1,1,1,1,1,1,0,1,1,1,1,0,0
114,13,1,0,9,134,1,1,1,1,1,1,1,1,1,0,1,1,1,0,1,0
115,14,1,0,9,135,1,0,1,1,1,1,1,1,1,1,1,1,1,1,0,1
116,14,1,0,9,136,1,1,1,1,1,1,1,1,1,1,1,1,0,0,1,1
117,13,1,0,9,137,1,1,1,0,1,1,1,1,1,0,1,1,1,1,1,0
118,14,1,0,9,138,1,0,1,1,1,1,1,1,1,1,1,1,1,1,0,1
119,14,1,0,9,139,1,0,0,1,1,1,1,1,1,1,1,1,1,1,1,1
120,11,1,0,9,140,1,0,1,1,1,1,1,1,1,1,1,1,0,0,0,0
121,13,1,0,9,141,1,0,1,1,1,1,1,1,1,1,1,1,0,1,0,1
122,14,1,0,9,142,1,0,1,1,1,1,1,1,1,1,1,1,1,1,1,0
123,16,1,0,9,143,1,1,1,1,1,1,1,1,1,1,1,1,1,1,1,1
124,8,0,16,9,144,1,1,1,0,0,0,1,0,1,1,1,1,0,0,0,0
125,8,0,44,9,145,1,1,0,0,1,1,1,1,0,1,1,0,0,0,0,0
126,13,1,0,9,146,1,1,1,1,1,1,1,1,1,0,1,1,0,1,0,1
127,12,1,0,9,147,1,1,1,0,1,1,1,1,1,0,1,1,0,1,1,0
128,14,1,0,9,148,1,0,1,1,1,1,1,1,1,1,1,1,1,1,1,0
129,15,1,0,9,149,1,1,1,1,1,1,1,1,1,1,1,1,1,1,1,0
130,13,0,10,9,150,1,0,1,1,1,1,1,0,0,1,1,1,1,1,1,1
131,13,1,0,9,151,1,1,0,0,1,1,1,1,1,0,1,1,1,1,1,1
132,14,1,0,9,152,1,1,1,0,1,1,1,1,1,1,1,1,1,1,1,0
133,13,1,0,9,153,1,0,1,1,1,1,1,1,1,1,1,1,1,0,1,0
134,12,1,0,9,154,1,1,1,0,1,1,1,1,1,0,1,1,1,0,0,1
135,13,1,0,9,155,1,0,1,1,1,1,1,1,1,1,1,1,1,0,1,0
136,13,1,0,9,156,1,0,1,1,1,1,1,1,1,1,1,1,1,0,1,0
137,12,1,0,9,157,1,0,1,1,1,1,1,1,1,1,1,1,0,0,1,0
138,12,1,0,9,158,1,1,1,1,1,1,1,1,1,0,1,1,0,1,0,0
139,14,1,0,9,159,1,0,1,1,1,1,1,1,1,1,1,1,1,1,0,1
140,11,1,0,9,160,1,1,1,0,1,1,1,1,1,0,1,1,0,1,0,0
141,13,1,0,9,161,1,1,1,1,1,1,1,1,1,0,1,1,1,1,0,0
142,8,0,36,9,162,1,1,1,0,0,1,1,0,1,1,1,0,0,0,0,0
143,7,0,9,9,163,1,0,1,0,0,0,0,1,1,1,1,1,0,0,0,0
144,8,0,9,9,164,1,0,1,0,0,0,0,1,1,1,1,1,0,0,1,0
145,8,0,4,9,165,0,1,0,0,1,1,0,1,1,0,1,1,0,1,0,0
146,8,0,5,9,166,1,0,1,0,0,1,0,1,1,1,1,0,0,1,0,0
147,8,0,15,9,167,0,0,0,0,0,1,1,1,1,1,1,1,0,1,0,0
148,8,0,4,9,168,1,0,0,0,1,1,0,1,1,1,1,1,0,0,0,0
149,7,0,6,9,169,0,0,1,0,0,1,0,1,1,1,1,0,0,0,1,0
150,7,0,6,9,170,0,0,1,0,0,1,0,1,1,1,1,1,0,0,0,0
151,7,0,37,9,171,1,1,1,0,1,0,0,1,1,0,1,0,0,0,0,0
152,8,0,5,9,172,0,0,1,1,0,1,0,1,1,1,1,0,0,1,0,0
153,8,0,12,9,173,1,0,1,0,0,1,0,0,1,1,1,1,0,1,0,0
154,8,0,37,9,174,1,0,1,1,1,0,0,1,1,1,1,0,0,0,0,0
155,8,0,6,9,175,1,1,0,0,1,1,0,1,1,0,1,0,0,1,0,0
156,8,0,17,9,176,1,0,1,0,0,1,0,1,0,1,1,0,1,0,1,0
157,8,0,4,9,177,1,1,0,0,1,1,0,1,1,0,1,1,0,0,0,0
158,8,0,9,9,178,0,0,1,0,0,0,1,1,0,1,1,1,1,0,1,0
159,8,0,17,9,179,1,0,1,0,0,1,0,1,0,1,1,0,0,1,1,0
160,8,0,9,9,180,0,0,1,1,0,0,0,1,1,1,1,1,0,1,0,0
161,8,0,2,9,181,0,1,1,0,0,0,1,1,1,0,1,0,0,0,1,1
162,8,0,13,9,182,1,0,0,0,0,1,0,0,1,1,1,1,1,0,1,0
163,8,0,4,9,183,0,1,0,0,0,0,1,1,1,0,1,1,1,0,1,0
164,8,0,9,9,184,1,0,1,0,0,0,0,1,1,1,1,0,0,0,1,1
165,7,0,6,9,185,0,0,1,0,0,0,1,1,1,0,1,1,0,0,1,0
166,7,0,6,9,186,0,0,1,0,0,0,1,1,1,0,1,1,1,0,0,0
167,8,0,3,9,187,0,0,1,0,0,1,1,1,1,1,1,0,0,0,1,0
168,8,0,3,9,188,1,0,0,0,1,1,0,1,1,0,1,0,1,1,0,0
169,8,0,2,9,189,0,1,1,1,0,0,1,1,1,0,1,1,0,0,0,0
170,7,0,2,9,190,0,1,1,0,0,0,1,1,1,0,1,1,0,0,0,0
171,8,0,10,9,191,0,1,1,0,1,0,1,1,1,1,0,1,0,0,0,0
172,8,0,3,9,192,0,0,1,0,0,1,1,1,1,1,1,1,0,0,0,0
173,8,0,4,9,193,0,0,1,0,0,1,1,1,1,0,1,0,0,1,1,0
174,8,0,4,9,194,1,0,0,1,0,1,0,1,1,0,1,1,0,0,1,0
175,8,0,3,9,195,0,1,1,0,0,1,0,1,1,0,1,1,1,0,0,0
176,8,0,10,9,196,1,1,1,0,1,1,1,0,0,0,1,0,0,0,1,0
177,8,0,9,9,197,1,0,1,1,0,0,0,1,1,0,1,1,0,1,0,0
178,8,1,0,8,198,0,0,1,1,0,1,1,1,1,0,1,1,0,0,0,0
179,7,0,13,8,199,0,1,0,0,0,1,0,1,1,0,1,0,0,0,1,1
180,6,0,20,8,200,1,0,1,1,0,0,0,1,0,0,1,1,0,0,0,0
181,7,0,6,8,201,0,1,1,0,0,0,1,1,0,0,1,1,0,0,1,0
182,7,0,10,8,202,1,0,0,0,1,0,0,1,1,0,1,0,1,0,1,0
183,7,0,17,8,203,1,0,0,0,1,0,1,0,1,0,1,0,1,0,1,0
184,7,0,12,8,204,0,0,1,1,0,1,1,0,0,1,1,1,0,0,0,0
185,7,0,5,8,205,0,0,1,0,1,0,1,1,1,0,1,0,0,0,1,0
186,8,1,0,8,206,0,0,1,1,0,1,1,1,1,0,1,1,0,0,0,0
187,7,0,19,8,207,1,0,0,0,1,1,0,0,1,0,1,0,0,0,1,1
188,7,0,27,8,208,0,0,0,0,1,1,0,1,1,0,1,0,0,1,1,0
189,7,0,6,8,209,0,0,1,0,0,0,1,1,1,0,1,0,1,1,0,0
190,7,0,10,8,210,1,1,0,0,0,0,0,1,1,0,1,1,1,0,0,0
191,7,0,12,8,211,1,0,0,1,0,0,0,1,1,1,1,0,0,0,1,0
192,11,1,0,8,212,0,0,1,1,0,1,1,1,1,1,1,1,1,0,1,0
193,8,0,13,8,213,0,0,1,0,1,1,1,0,0,0,1,0,1,1,0,1
194,7,0,9,8,214,0,0,0,1,0,1,1,1,1,0,1,0,1,0,0,0
195,8,0,14,8,215,0,0,1,1,0,1,0,1,0,1,1,1,0,0,0,1
196,12,1,0,8,216,1,0,0,1,1,1,1,1,1,1,1,1,1,1,0,0
197,7,0,7,8,217,0,0,1,0,0,1,0,1,1,0,1,0,1,1,0,0
198,7,0,13,8,218,1,0,0,0,0,0,0,1,1,0,1,1,1,0,0,1
199,7,0,28,8,219,0,0,1,1,0,1,1,1,1,0,1,0,0,0,0,0
200,7,0,12,8,220,0,0,1,0,0,0,0,1,1,1,1,0,1,0,1,0
201,8,1,0,8,221,0,1,1,0,0,1,1,1,1,0,1,1,0,0,0,0
202,7,0,6,8,222,1,0,0,0,0,1,0,1,1,0,1,0,1,1,0,0
203,11,0,1,8,223,1,1,0,0,1,1,1,1,1,1,1,0,1,0,0,1
204,8,1,0,8,224,0,0,1,1,0,1,1,1,1,0,1,1,0,0,0,0
205,7,0,7,8,225,0,0,0,1,0,1,1,1,1,0,1,1,0,0,0,0
206,7,0,4,8,226,1,0,0,1,0,1,0,1,1,0,1,1,0,0,0,0
207,7,0,6,8,227,0,1,0,0,0,0,1,1,1,0,1,0,1,0,1,0
208,7,0,3,8,228,0,0,1,1,0,1,0,1,1,0,1,1,0,0,0,0
209,7,0,4,8,229,0,1,0,0,1,0,1,1,1,0,1,1,0,0,0,0
210,11,1,0,8,230,0,1,1,0,1,1,1,1,1,0,1,0,1,1,0,1
211,7,0,13,8,231,0,0,1,0,1,1,1,0,0,0,1,1,0,0,1,0
212,7,0,13,8,232,1,0,0,1,0,1,0,0,1,0,1,0,1,0,1,0
213,7,0,6,8,233,0,0,1,0,0,0,1,1,1,0,1,0,0,1,1,0
214,7,0,17,8,234,1,0,1,0,0,0,1,0,1,0,1,1,0,0,0,1
215,10,0,3,8,235,0,0,1,0,1,1,1,1,1,0,1,0,1,1,0,1
216,8,0,3,8,236,1,0,1,0,0,0,1,1,1,0,1,0,1,0,1,0
217,7,0,15,8,237,0,0,1,0,0,1,0,0,1,1,1,1,0,0,0,1
218,7,0,5,8,238,0,1,0,1,0,1,0,1,1,0,1,1,0,0,0,0
219,8,0,3,8,239,1,0,0,0,0,0,1,1,1,1,1,0,1,0,1,0
220,7,0,10,8,240,0,0,0,1,0,1,0,1,1,0,1,1,1,0,0,0
221,12,1,0,8,241,1,1,1,1,0,1,1,1,1,0,1,0,1,0,1,1
222,7,0,4,8,242,1,0,1,0,1,0,1,1,0,0,1,1,0,0,0,0
223,12,1,0,8,243,1,1,1,1,1,1,1,1,1,0,1,0,1,1,0,0
224,15,1,0,8,244,1,1,0,1,1,1,1,1,1,1,1,1,1,1,1,1
225,7,0,4,8,245,0,1,1,0,1,0,1,1,0,0,1,1,0,0,0,0
226,8,0,10,8,246,0,0,1,1,1,1,1,0,0,0,1,0,1,0,0,1
227,7,0,12,8,247,0,0,1,0,1,0,0,1,1,0,1,0,0,0,1,1
228,7,0,12,8,248,0,1,1,0,0,1,1,0,0,0,1,1,1,0,0,0
229,7,0,21,8,249,0,0,0,0,1,0,1,1,1,0,1,0,1,1,0,0
230,8,0,13,8,250,0,0,1,0,1,0,1,1,1,1,0,0,0,0,1,1
231,10,1,0,8,251,0,1,1,0,1,1,1,1,1,1,1,0,0,0,1,0
232,12,1,0,8,252,0,1,1,1,1,1,1,1,1,0,1,1,1,0,1,0
233,7,0,23,8,253,1,1,1,0,1,0,0,1,1,0,0,0,0,0,0,1
234,8,0,3,8,254,1,1,0,0,0,0,1,1,1,0,1,0,0,1,0,1
235,7,0,6,8,255,0,1,1,0,0,0,1,1,0,0,1,0,1,0,1,0
236,9,0,10,8,256,1,0,0,1,1,0,0,1,1,1,1,1,0,0,0,1
237,13,1,0,8,257,1,1,1,1,0,1,1,1,1,1,1,0,1,1,1,0
238,7,0,21,8,258,0,1,1,0,1,1,1,1,0,0,0,0,0,0,1,0
239,7,0,6,8,259,0,0,1,0,0,0,1,1,1,0,1,0,0,1,0,1
240,8,1,0,8,260,0,1,1,0,0,1,1,1,1,0,1,0,0,0,0,1
241,7,0,12,8,261,0,0,0,1,0,1,0,1,1,0,1,0,1,0,1,0
242,8,1,0,8,262,0,0,1,1,0,1,1,1,1,0,1,0,0,0,1,0
243,11,1,0,8,263,0,1,1,0,0,1,1,1,1,1,1,1,1,0,1,0
244,7,0,15,8,264,0,0,0,1,0,1,1,1,1,0,1,0,0,0,0,1
245,8,1,0,8,265,0,1,1,0,0,1,1,1,1,0,1,1,0,0,0,0
246,7,0,5,8,266,1,0,1,0,0,1,1,1,0,0,1,0,0,0,0,1
247,7,0,3,8,267,1,0,0,1,0,0,1,1,1,0,1,0,1,0,0,0
248,12,1,0,8,268,1,0,0,1,1,1,1,1,1,1,1,1,0,1,1,0
249,7,0,21,8,269,0,1,1,0,1,0,0,1,1,1,0,0,0,1,0,0
250,11,1,0,8,270,0,1,1,1,1,1,1,1,1,1,1,1,0,0,0,0
