"x1","x2","x3","x4","x5","x6","x7","x8","x9","x10","x11","x12","x13","x14","x15","x16","x17","x18","x19","x20","x21","x22","x23","x24","y","feasible","violation"
0,0,1,1,0,0,1,0,1,0,1,0,1,1,0,1,0,0,0,0,0,1,0,0,12012402,1,0
0,1,1,0,1,1,1,0,1,1,0,1,1,1,0,0,0,1,1,0,1,1,0,1,16197026,0,1721133
1,1,0,1,0,0,1,1,0,0,0,1,0,0,1,1,1,0,1,1,1,1,1,0,13974914,0,504079
0,1,0,1,1,0,1,1,0,1,0,1,1,0,1,1,1,1,0,0,0,1,0,0,14843275,0,865936
0,1,0,0,0,1,1,1,1,0,0,0,0,1,1,0,0,1,0,0,1,0,1,0,9314765,1,0
1,1,1,1,1,1,1,1,1,0,0,1,1,0,0,1,1,0,0,1,0,1,0,1,15847680,0,1387568
1,1,0,0,0,1,1,1,0,1,1,1,0,0,0,1,1,0,1,1,0,1,0,0,13975335,0,366135
1,0,0,1,0,1,0,0,1,1,1,1,0,0,1,0,1,1,1,0,1,1,1,1,15546536,0,1230616
0,1,1,0,1,0,1,0,1,1,1,0,0,0,1,0,1,0,0,1,0,1,1,0,12532831,1,0
1,0,0,0,0,1,1,1,0,0,1,0,0,1,1,0,0,0,0,0,1,1,1,0,8352237,1,0
0,0,0,0,0,0,1,1,0,0,1,0,0,1,1,0,0,0,0,1,0,0,1,0,6016216,1,0
0,1,0,0,0,0,1,0,1,0,1,0,0,1,1,0,0,0,0,0,0,0,1,0,8010730,1,0
0,0,0,1,0,0,1,1,0,0,1,0,0,1,1,0,0,0,0,1,1,0,1,0,8441675,1,0
0,1,1,0,0,1,1,1,0,0,1,0,0,1,1,1,0,0,0,1,0,0,1,0,11534817,1,0
0,0,0,0,0,0,1,1,0,0,1,0,0,1,1,0,1,0,0,1,0,1,1,0,7268826,1,0
0,1,1,0,0,0,1,1,1,0,1,0,0,1,1,1,0,0,0,1,0,1,1,0,13694327,0,346351
0,0,0,0,0,0,1,1,0,0,1,0,0,0,1,0,0,0,0,1,1,0,1,0,5597869,1,0
0,0,1,0,0,0,1,1,0,1,1,0,0,0,1,0,0,0,0,1,0,0,1,0,8276004,1,0
0,1,0,0,0,0,1,0,0,0,1,0,0,1,1,0,0,0,0,0,1,0,1,0,7232526,1,0
0,0,1,1,0,0,1,0,0,0,1,0,0,1,1,0,0,0,0,1,0,0,1,0,7920357,1,0
0,1,0,0,0,0,1,0,0,1,1,0,0,0,1,0,0,0,0,0,0,0,1,0,6914197,1,0
0,0,0,0,0,0,1,0,0,0,0,0,0,1,1,0,0,0,0,0,1,0,1,0,3710525,1,0
0,0,0,0,0,1,1,1,0,0,1,0,0,0,1,1,0,0,0,1,0,0,1,0,6861344,1,0
0,0,0,0,0,0,1,1,0,0,1,0,0,0,0,0,1,0,0,0,0,0,0,0,3886482,1,0
0,0,1,1,0,0,1,0,0,0,1,0,0,0,1,0,1,0,0,0,0,0,1,0,7210157,1,0
0,0,1,1,0,0,0,0,0,1,1,0,0,0,1,0,1,0,1,1,1,0,1,0,11836734,1,0
1,0,1,1,0,0,0,0,1,1,1,0,1,1,0,1,1,0,0,1,0,0,1,0,15301438,0,1009981
0,1,1,1,0,1,1,0,0,0,1,0,0,1,1,1,1,0,1,0,1,0,1,0,15099482,0,1053187
0,0,0,1,0,0,1,1,1,0,1,0,0,0,1,0,0,0,0,1,0,0,0,0,7433786,1,0
0,0,0,1,0,0,1,1,0,0,1,0,0,0,1,0,0,0,0,1,0,1,0,0,6331336,1,0
0,0,0,0,0,0,1,1,1,0,1,0,0,0,0,0,0,0,0,0,0,1,1,0,5934308,1,0
0,0,0,0,0,0,1,1,0,0,1,0,0,1,1,0,1,0,0,1,0,1,1,0,7268826,1,0
0,1,0,0,0,0,1,1,0,0,1,0,0,1,0,0,0,0,0,1,0,1,0,0,6850934,1,0
0,0,1,0,0,0,0,0,0,0,1,0,0,0,1,0,0,0,0,1,1,0,1,0,5908374,1,0
0,0,0,0,0,0,1,0,0,0,1,0,0,0,1,0,0,0,0,1,1,1,1,0,4878655,1,0
0,0,1,0,0,0,1,0,1,1,1,0,0,0,1,0,0,0,0,1,0,1,0,0,8770226,1,0
0,0,0,0,0,0,1,1,0,1,1,0,0,0,1,0,1,0,0,0,0,0,0,0,6742755,1,0
0,0,0,0,0,0,0,1,1,0,1,0,0,0,1,0,0,0,0,0,0,1,1,0,6817919,1,0
0,1,0,0,0,0,1,0,1,0,1,0,0,0,1,0,0,0,0,1,0,1,0,0,6867611,1,0
0,1,1,0,0,0,1,0,0,1,1,0,0,0,1,0,0,0,0,1,0,0,1,0,8656556,1,0
0,1,1,0,0,0,1,0,0,0,1,0,0,0,1,0,0,0,0,0,0,1,0,0,6798815,1,0
0,0,1,0,0,0,1,1,0,0,1,0,0,0,1,0,1,0,0,0,0,0,0,0,6516387,1,0
0,0,0,1,0,0,1,1,0,0,1,0,0,0,1,0,0,0,0,0,0,1,1,0,6731862,1,0
0,0,1,0,0,0,1,0,0,1,0,0,0,0,1,0,0,0,0,1,0,1,0,0,5245541,1,0
0,0,0,0,0,1,1,1,0,1,1,0,0,0,0,0,0,0,0,1,0,0,0,0,5277268,1,0
0,0,0,0,0,0,1,0,0,1,1,0,0,0,1,0,0,0,0,1,0,1,1,0,5880162,1,0
0,1,0,0,0,1,1,0,0,0,1,0,0,0,1,0,0,0,0,1,0,1,0,0,5285344,1,0
0,0,0,0,0,0,1,0,0,0,0,0,0,1,1,0,0,0,0,1,0,0,1,0,2874767,1,0
0,1,0,0,0,1,0,1,0,0,1,0,0,0,1,0,0,0,0,0,0,1,0,0,6446404,1,0
0,0,0,0,0,0,1,1,0,0,0,0,0,0,1,0,1,0,0,1,0,1,1,0,4103998,1,0
0,0,0,0,0,0,1,1,1,0,1,0,0,1,1,0,0,0,0,0,1,1,1,0,9108910,1,0
0,0,0,0,0,1,1,1,1,0,1,0,0,0,0,0,1,0,0,1,0,1,0,0,6306575,1,0
0,0,0,1,0,0,1,1,1,0,1,0,0,0,1,0,0,0,0,0,0,0,1,0,7834312,1,0
0,0,1,0,0,1,0,1,0,1,0,0,0,0,1,0,0,0,0,1,0,1,1,0,7036015,1,0
0,0,0,0,0,1,1,1,0,1,0,0,0,1,1,0,0,0,0,1,1,0,1,0,7073135,1,0
0,0,1,1,1,0,1,0,1,0,1,0,0,1,1,0,0,0,0,0,0,0,0,0,10012034,1,0
0,0,1,0,1,1,1,1,0,1,1,0,0,0,1,0,0,0,0,1,0,0,1,0,9317402,1,0
0,0,0,1,0,0,0,1,0,0,1,0,0,1,1,0,0,0,0,0,0,1,0,0,7515775,1,0
0,0,1,0,0,0,0,0,0,1,1,0,0,0,1,0,1,0,1,1,0,1,1,0,9988518,1,0
0,0,0,1,0,0,0,0,0,1,1,0,0,0,1,0,1,0,1,1,0,1,0,0,9369603,1,0
0,1,0,0,0,1,1,1,0,1,1,0,0,1,0,0,0,0,0,0,0,0,1,0,8674639,1,0
0,0,0,0,0,0,1,1,0,0,1,0,0,0,1,1,0,0,0,1,0,1,0,0,6874904,1,0
0,0,0,1,0,0,1,1,1,0,1,0,0,0,1,0,0,0,0,0,0,0,0,0,7368055,1,0
0,1,1,0,0,1,1,1,0,1,1,0,0,0,1,1,0,0,0,1,1,1,0,0,13130452,0,72511
0,1,0,0,0,1,1,1,0,0,1,0,0,1,1,0,0,1,0,1,1,0,1,0,9545795,1,0
0,0,1,0,0,1,1,0,1,0,1,0,0,0,1,0,0,0,0,1,0,0,1,0,6853670,1,0
0,0,0,0,1,1,1,1,1,0,1,0,0,0,1,0,0,0,0,0,0,1,1,0,7928983,1,0
0,0,1,1,0,0,1,0,0,0,1,0,1,0,1,0,0,0,0,0,1,1,0,0,8800101,1,0
0,0,0,0,0,1,1,1,1,0,1,0,0,0,1,0,1,0,0,0,0,1,0,0,7194121,1,0
0,1,0,0,0,1,1,0,0,0,0,0,0,1,1,1,0,0,0,0,0,0,0,0,6184752,1,0
0,1,0,0,0,1,1,1,0,0,1,0,0,1,0,1,0,0,0,1,0,0,0,0,8438655,1,0
0,0,0,0,1,0,1,0,0,0,1,0,0,0,1,0,1,0,0,0,1,0,1,0,5855020,1,0
0,1,1,0,1,1,1,1,1,1,1,0,0,1,1,0,0,0,0,1,1,1,1,0,15472672,0,1308380
0,0,0,0,0,0,1,0,0,1,1,0,0,0,0,0,0,0,0,0,0,0,0,0,3817654,1,0
0,1,0,0,0,0,1,0,0,0,1,0,0,0,1,0,1,0,0,1,0,0,1,0,5752299,1,0
0,1,0,0,0,0,1,1,0,0,1,0,0,1,0,0,0,0,0,1,0,0,0,0,6273691,1,0
0,0,1,0,0,0,0,1,0,1,0,0,0,0,1,0,0,0,0,0,0,0,0,0,5829358,1,0
0,0,1,0,1,0,0,0,0,0,0,0,0,0,1,0,0,1,0,0,0,1,0,0,5004775,1,0
0,0,0,1,1,0,1,1,1,0,1,0,1,0,1,0,0,0,0,0,0,0,1,0,10031120,1,0
0,0,0,0,0,0,1,0,0,0,1,0,0,0,0,0,0,0,0,1,1,1,0,0,3459121,1,0
0,0,0,0,0,0,1,1,0,0,0,0,0,0,1,0,0,0,0,0,0,0,0,0,2319400,1,0
0,0,0,0,0,1,0,1,0,0,1,0,0,0,1,0,0,0,0,1,0,0,0,0,4257883,1,0
0,0,1,0,0,0,1,1,1,0,1,0,0,0,1,0,1,0,0,1,0,0,1,0,8728068,1,0
0,0,1,0,0,1,1,0,1,0,1,0,1,1,1,0,0,0,0,0,0,1,1,0,9937854,1,0
0,0,0,0,1,0,0,0,0,0,1,0,0,0,1,1,0,0,0,1,0,1,1,0,6919010,1,0
0,0,1,0,1,0,1,0,0,0,1,0,0,0,1,0,1,1,0,1,0,1,0,0,7660531,1,0
0,0,0,0,0,1,1,1,0,1,0,0,0,0,0,0,0,0,0,0,1,0,0,0,4268034,1,0
0,0,0,0,1,0,0,0,0,0,0,0,0,0,0,1,0,0,0,1,0,0,1,0,3543498,1,0
0,1,1,0,0,0,1,1,1,1,1,0,0,0,0,0,0,0,1,1,0,0,0,0,12039199,1,0
0,0,1,0,0,1,0,0,1,0,1,0,0,0,0,0,0,0,0,0,0,0,1,0,5764996,1,0
0,0,1,0,1,0,1,0,1,1,1,0,0,0,0,1,0,0,0,1,0,0,1,0,10717473,1,0
0,0,0,0,1,0,1,0,0,1,0,0,0,0,0,0,0,0,0,1,0,0,1,0,3448622,1,0
0,0,0,0,0,0,0,1,0,0,0,0,0,0,1,0,1,0,0,1,0,0,1,0,3457089,1,0
0,0,0,0,1,1,1,1,1,0,1,0,0,0,1,0,0,0,0,1,0,0,0,0,6951214,1,0
0,0,1,1,1,0,1,1,1,1,1,0,0,0,1,1,0,0,1,1,0,1,1,0,16894447,0,1908139
1,1,1,0,0,0,1,1,0,1,1,0,0,0,0,0,1,0,1,1,1,0,0,0,12761956,1,0
0,1,1,1,1,0,1,0,0,0,1,0,1,0,1,0,1,1,0,0,0,0,0,0,11471372,1,0
0,0,1,1,0,0,0,1,0,0,0,1,0,0,0,0,1,0,1,1,0,0,0,0,8113469,1,0
0,1,1,0,0,0,1,0,0,1,1,0,0,0,0,0,0,0,0,0,1,0,0,0,8072780,1,0
1,0,1,0,1,0,0,0,0,0,1,1,0,0,0,0,1,1,0,0,0,0,0,0,7869497,1,0
0,1,1,0,1,1,1,0,1,0,1,0,0,0,1,1,1,1,0,0,0,1,0,0,13116466,0,2772
0,0,0,1,0,0,1,0,1,0,1,0,0,0,1,0,0,0,0,0,0,1,1,0,7115098,1,0
0,0,1,0,0,1,1,0,1,0,1,0,1,0,0,0,0,0,0,0,0,0,0,0,6621241,1,0
1,1,0,0,1,0,0,0,1,0,0,0,0,0,1,0,0,0,0,0,0,0,0,0,6079545,1,0
0,0,0,0,1,1,0,0,0,1,0,0,0,0,0,0,1,1,0,0,0,0,1,0,4939673,1,0
0,0,0,1,0,0,1,0,0,0,0,0,0,1,0,0,0,0,0,1,0,1,0,0,3556446,1,0
1,1,1,0,1,0,1,0,0,0,1,0,1,0,1,1,1,1,0,0,0,1,1,0,13884034,0,353501
0,0,1,1,0,0,1,1,0,0,0,0,1,1,0,0,0,0,0,0,1,0,0,0,8040882,1,0
0,1,0,0,0,1,1,0,0,0,0,0,0,0,0,0,0,0,0,0,0,1,0,0,2421344,1,0
0,1,1,0,0,0,1,1,1,0,1,0,1,1,1,1,0,0,0,0,0,0,1,0,14304189,0,661098
0,0,1,0,1,0,0,0,1,0,1,0,0,1,0,0,0,0,0,0,0,0,0,0,7465121,1,0
0,1,1,0,0,0,1,0,1,0,1,0,0,0,1,0,0,0,0,1,0,1,0,0,8544239,1,0
0,0,1,0,0,0,1,0,0,1,1,0,0,0,0,0,0,0,0,1,0,0,0,0,5560013,1,0
0,1,0,0,0,0,1,1,0,0,0,0,0,1,0,0,0,0,0,0,0,1,1,0,5406468,1,0
0,0,0,0,0,1,0,0,0,0,1,0,1,0,0,0,0,0,0,0,0,1,0,0,3772497,1,0
0,0,1,1,0,0,1,1,1,0,1,0,1,1,0,0,1,0,0,0,1,1,1,0,13284434,0,235216
0,1,0,0,0,0,1,1,0,0,0,0,0,1,1,0,0,0,1,1,0,0,0,0,7208003,1,0
0,1,0,0,0,1,1,1,0,0,0,0,0,1,0,0,0,0,0,1,0,1,0,0,5103368,1,0
0,0,0,0,1,1,0,0,0,0,1,1,0,0,0,0,0,0,0,0,0,1,1,0,4979179,1,0
0,0,1,0,1,1,0,0,0,0,0,0,1,0,0,1,0,0,0,0,1,0,0,0,6939889,1,0
0,0,0,0,0,0,1,1,1,0,0,0,1,0,0,0,0,0,1,1,1,1,0,0,7669142,1,0
0,0,0,0,0,1,1,0,0,0,0,0,0,0,0,0,0,0,0,0,0,1,0,0,744335,1,0
0,0,1,1,1,0,0,0,1,0,1,0,0,0,0,0,0,0,0,1,0,1,0,0,8312229,1,0
0,0,0,0,0,1,1,0,1,0,1,0,0,1,0,0,0,0,0,1,0,1,0,0,5654587,1,0
0,1,1,1,0,0,1,1,0,1,1,1,0,0,1,0,1,1,0,1,1,1,1,0,15534026,0,1352231
0,0,1,0,0,1,0,0,1,1,1,0,0,0,1,0,0,0,0,0,1,0,0,0,9056501,1,0
0,0,0,0,0,1,1,0,0,0,0,0,0,0,1,0,0,0,1,0,0,1,0,0,3523639,1,0
0,0,1,0,0,1,1,0,0,0,0,0,0,1,1,0,0,0,0,0,0,0,1,0,4583090,1,0
0,0,0,1,1,0,1,0,0,1,1,0,0,0,0,0,1,0,0,0,0,1,0,0,7538206,1,0
0,1,0,0,0,0,0,1,1,1,1,0,0,1,1,0,0,0,1,0,1,0,0,0,13401776,0,262429
0,0,1,1,1,1,1,0,1,0,0,0,1,0,0,1,0,1,0,0,0,0,0,0,10165384,1,0
0,0,1,1,0,0,1,0,0,0,1,0,0,0,0,0,1,0,0,0,0,0,0,0,5790623,1,0
0,0,1,0,0,1,1,0,0,0,0,0,0,0,0,0,0,0,0,0,1,0,0,0,2745209,1,0
1,1,1,1,0,1,1,1,0,0,1,0,0,1,1,1,0,0,0,0,0,1,0,0,13929636,0,422732
0,0,0,1,0,0,0,0,0,1,0,0,1,1,0,0,1,0,1,1,0,0,0,0,8566763,1,0
0,0,0,0,1,1,0,0,0,0,1,1,0,0,0,0,1,1,0,0,0,0,0,0,5464701,1,0
0,1,0,0,1,0,0,1,0,0,0,0,0,0,0,0,0,1,0,0,0,0,1,0,5237350,1,0
0,0,1,1,1,1,1,0,0,0,1,0,1,0,0,1,1,0,0,0,0,0,0,0,10152395,1,0
0,0,0,0,0,1,0,0,0,0,0,1,0,1,1,1,0,0,0,0,0,1,0,0,6064609,1,0
0,0,1,0,0,1,1,0,0,1,1,0,0,0,0,0,0,0,0,1,1,0,1,0,7025185,1,0
0,0,1,1,0,0,0,0,0,0,1,0,0,0,1,0,0,0,1,0,1,0,0,0,8726383,1,0
0,0,1,0,1,0,0,0,0,0,1,0,0,0,0,0,1,0,0,0,0,0,1,0,5607216,1,0
0,0,0,0,1,0,1,0,1,0,0,0,0,1,1,0,1,1,0,0,1,0,0,0,7396955,1,0
0,1,0,0,0,1,0,1,0,0,1,1,1,1,0,0,0,1,1,1,0,0,0,0,11283258,1,0
0,0,0,0,1,1,0,0,1,0,1,0,1,1,1,0,1,0,0,0,1,0,1,0,10135145,1,0
0,0,0,0,0,1,1,0,1,0,1,0,1,1,0,0,0,0,1,1,1,0,1,0,9523953,1,0
0,1,0,0,0,0,0,0,0,0,0,0,0,1,0,0,0,0,0,0,0,0,0,0,2996845,1,0
0,0,0,0,0,0,1,1,0,0,0,0,1,0,1,0,0,0,0,1,0,0,0,0,3637967,1,0
0,0,0,1,0,0,0,0,1,0,0,0,0,0,0,0,1,0,0,1,0,0,0,0,3944761,1,0
1,0,1,0,0,0,1,1,1,0,1,1,1,1,0,0,1,0,1,1,1,0,0,0,14483605,0,913628
0,0,1,0,0,1,0,1,0,0,1,0,0,0,0,0,0,0,0,0,0,1,0,0,5492746,1,0
0,0,0,1,1,0,1,0,1,1,1,0,1,0,1,0,1,1,1,0,1,0,1,0,14894197,0,930673
0,1,1,0,0,1,0,0,0,0,0,1,1,0,0,1,1,1,0,1,0,0,0,0,9415479,1,0
1,1,0,0,0,0,0,1,0,0,1,0,1,1,0,0,0,1,1,0,1,1,1,0,12841395,1,0
0,0,0,1,1,0,0,0,1,0,0,0,1,1,0,0,0,1,0,0,0,1,0,0,8151205,1,0
1,1,0,1,0,0,0,0,0,0,0,0,0,0,0,0,0,0,1,1,0,0,1,0,6384588,1,0
1,1,0,0,0,1,0,0,0,1,0,0,0,0,0,0,0,1,1,0,0,1,0,0,7759950,1,0
0,0,0,1,1,0,0,0,0,0,0,0,1,1,1,1,1,0,0,0,0,1,0,0,9314039,1,0
1,1,0,0,0,0,1,1,0,1,1,0,0,1,1,0,1,0,1,1,1,1,0,0,13935684,0,475479
0,1,0,0,0,1,0,0,0,0,1,0,0,0,0,0,1,1,1,0,0,0,1,0,7440733,1,0
0,1,0,1,0,1,0,1,1,0,1,0,1,1,1,1,0,1,0,1,0,0,1,0,15098677,0,968321
1,0,0,0,0,0,0,1,0,0,1,0,0,1,0,1,0,0,0,1,1,1,1,0,9365137,1,0
0,0,1,1,0,0,0,1,0,0,0,0,1,1,0,0,0,1,0,0,1,1,1,0,9868371,1,0
0,1,1,0,0,0,0,1,0,0,1,0,1,1,1,1,0,1,0,1,1,1,0,0,14486691,0,817470
0,1,0,0,0,1,0,0,0,0,0,1,0,0,0,1,1,0,0,1,0,0,0,0,5632360,1,0
1,1,0,0,0,0,1,0,0,0,0,0,1,0,0,0,0,1,1,0,0,1,1,0,7548287,1,0
1,0,1,0,0,1,0,1,0,1,1,0,0,0,1,1,1,0,1,1,1,1,1,0,15177022,0,1100168
0,1,0,0,0,1,1,0,0,0,0,0,0,1,0,0,0,1,0,0,0,0,0,0,4017592,1,0
1,0,1,0,0,1,0,1,0,0,0,0,0,1,0,0,0,1,1,0,0,0,1,0,8361880,1,0
0,0,0,0,0,1,0,0,0,0,0,1,1,0,0,0,0,0,1,1,0,0,0,0,4291309,1,0
0,0,1,0,1,1,0,0,1,0,1,0,0,1,0,0,0,0,0,0,0,1,1,0,8606047,1,0
0,1,1,0,1,1,0,0,1,0,1,1,1,1,1,0,0,1,0,0,0,0,1,0,13814870,0,487585
0,0,0,0,0,1,1,1,0,0,1,0,0,0,1,1,1,0,0,0,1,1,0,0,8483455,1,0
0,0,1,0,0,0,0,0,0,0,0,0,1,0,0,0,1,1,0,0,0,0,0,0,4458486,1,0
0,0,1,0,0,1,1,1,0,0,0,0,0,0,0,1,1,0,0,0,1,1,0,0,7361814,1,0
0,1,1,1,0,1,0,1,0,1,1,0,1,0,1,0,1,0,1,1,0,0,0,0,14792716,0,919247
0,0,1,1,1,0,1,0,0,0,0,0,0,0,1,0,1,1,0,1,0,1,0,0,7339509,1,0
0,0,0,0,0,0,1,1,0,0,1,0,0,1,0,1,0,0,0,0,1,1,0,0,8077221,1,0
0,1,1,0,1,0,1,0,1,1,1,0,0,0,1,1,0,1,0,0,1,0,1,0,15037172,0,996500
1,1,0,0,0,1,0,0,0,1,1,0,1,0,0,0,0,0,1,0,1,0,0,0,10328369,1,0
0,0,1,0,1,1,0,0,0,0,1,0,0,0,0,0,0,0,0,1,0,0,0,0,4628749,1,0
0,0,1,1,0,0,1,0,0,0,0,0,1,0,0,0,0,0,1,1,0,0,0,0,6414858,1,0
0,0,0,0,0,0,0,0,0,0,0,0,0,0,1,0,1,0,1,0,0,1,0,0,4031914,1,0
0,1,0,0,0,1,0,0,0,0,1,0,0,0,0,0,1,1,0,1,1,0,0,0,6115669,1,0
0,1,0,0,1,1,0,0,1,0,0,0,0,0,0,1,1,0,0,0,0,1,0,0,7718248,1,0
0,1,1,0,1,1,1,1,0,1,1,1,0,1,1,1,1,0,0,0,0,0,0,0,15574453,0,1292931
0,0,0,1,0,0,0,0,0,0,0,0,0,1,1,0,0,0,1,1,1,1,0,0,7167573,1,0
0,0,0,0,0,0,1,1,1,0,0,0,1,0,0,0,0,0,1,0,1,1,0,0,7603411,1,0
0,0,0,1,1,0,0,0,0,0,0,0,1,0,0,0,0,1,0,0,0,1,1,0,5617933,1,0
0,1,0,0,0,0,1,1,0,0,0,0,0,0,0,0,0,0,1,1,1,0,1,0,6302636,1,0
0,1,1,0,1,1,0,0,0,0,1,1,0,0,0,1,1,1,0,1,0,1,1,1,12364368,1,0
0,0,1,1,1,0,1,1,1,0,1,0,0,1,1,0,1,1,0,1,0,1,1,0,13946744,0,561954
1,0,0,0,0,1,1,0,0,0,1,0,0,0,0,0,0,1,0,1,0,1,1,0,4800564,1,0
0,1,0,0,0,1,0,0,1,0,0,0,0,0,1,0,1,0,0,0,0,0,1,0,5549029,1,0
1,0,0,1,1,0,0,0,0,0,1,0,1,0,0,1,1,1,0,0,0,0,0,0,9987924,1,0
1,0,0,0,0,1,0,0,0,0,0,0,1,0,0,0,1,0,0,1,1,0,0,0,3818443,1,0
0,0,1,1,0,0,0,0,0,0,1,0,0,0,0,0,0,1,1,1,0,1,0,0,8368246,1,0
1,0,1,0,1,1,1,0,1,1,1,0,1,0,0,1,1,1,0,1,0,1,1,0,14999594,0,868072
0,1,0,0,0,1,0,0,0,0,0,0,1,0,0,0,1,1,0,0,1,0,1,0,5924039,1,0
0,1,0,0,0,1,0,0,0,1,0,0,0,0,0,0,1,0,0,0,0,0,0,0,4352798,1,0
1,0,0,0,0,1,0,0,0,0,1,1,1,0,0,0,0,1,1,0,0,1,0,0,8327062,1,0
0,1,0,0,0,0,0,0,1,0,1,0,0,0,0,0,0,1,1,0,1,0,0,0,8782865,1,0
0,0,0,0,0,1,0,0,0,0,0,0,1,0,1,0,1,1,0,0,0,1,0,0,4409804,1,0
1,0,0,0,0,1,0,1,0,0,1,0,1,0,0,0,0,0,1,0,0,0,1,0,7609589,1,0
0,1,1,1,1,0,0,0,1,0,1,0,1,0,0,1,1,0,0,0,0,1,0,0,13919248,0,328501
1,1,0,0,1,0,0,0,0,0,0,0,0,0,1,0,0,1,0,0,0,1,1,0,6297007,1,0
0,0,0,0,0,0,1,0,0,1,1,0,0,0,1,0,1,0,0,0,0,0,0,0,5446298,1,0
0,0,1,0,0,0,0,0,1,0,0,0,1,0,0,0,0,0,0,1,0,0,1,0,5141145,1,0
1,1,1,1,0,0,1,1,0,0,1,0,0,1,0,0,1,1,1,0,0,1,1,0,14632701,0,863754
1,1,0,0,0,1,1,0,0,0,1,0,0,0,0,0,0,0,0,1,1,0,0,0,5481907,1,0
0,0,0,1,0,0,0,0,0,1,0,0,0,0,0,0,0,0,0,1,1,0,0,0,4394186,1,0
1,1,0,0,0,1,0,1,0,0,0,0,0,0,0,0,0,1,1,0,0,0,0,0,6576168,1,0
0,0,1,0,0,0,0,0,0,1,1,0,0,0,1,0,0,0,0,1,1,0,0,0,7345113,1,0
0,0,1,0,1,0,1,0,0,0,1,0,0,0,1,1,1,1,0,0,0,1,0,1,10031599,1,0
1,0,0,0,0,0,0,1,0,0,1,1,1,0,0,0,0,0,1,0,0,0,1,0,8561452,1,0
1,1,0,0,1,0,1,0,0,1,0,0,0,0,0,1,1,0,0,0,0,1,0,1,9108646,1,0
1,0,0,0,0,0,1,0,0,0,0,0,1,1,1,0,0,0,0,1,0,1,1,0,5530440,1,0
1,1,0,1,0,0,0,0,0,0,0,0,1,0,0,1,0,0,0,1,1,1,1,0,9357667,1,0
1,0,0,1,1,0,0,0,0,0,0,0,1,0,0,1,1,0,0,0,0,0,0,1,7658538,1,0
1,0,0,0,0,1,1,0,0,0,1,0,1,0,0,1,0,1,0,0,0,0,0,0,7011707,1,0
0,0,0,0,0,1,1,0,0,0,0,0,0,1,1,1,1,0,0,1,0,1,0,0,5826084,1,0
0,1,0,0,1,0,0,1,0,0,1,0,1,0,1,0,1,0,1,1,1,1,1,1,12849918,1,0
0,0,0,1,0,0,0,0,0,0,1,0,0,0,0,1,1,1,0,0,0,0,0,1,7334783,1,0
1,1,1,0,1,1,0,1,0,0,1,0,0,0,0,1,1,0,0,1,1,0,1,1,12907721,1,0
0,0,0,0,1,1,1,1,0,0,0,0,1,0,1,0,1,1,0,0,0,0,1,0,6608913,1,0
0,0,0,1,0,0,0,1,1,0,1,0,1,1,1,0,1,0,1,1,1,1,1,0,14383175,0,742865
0,0,0,1,1,0,0,0,0,0,0,0,0,1,1,0,0,1,0,0,0,0,0,1,5963971,1,0
0,0,0,0,0,1,0,1,0,0,0,0,0,0,0,0,0,0,1,1,0,0,1,1,4121159,1,0
0,1,0,0,0,1,0,0,0,0,1,0,0,0,0,1,1,1,0,0,0,0,0,1,7585248,1,0
0,0,0,0,1,0,0,0,0,0,0,0,0,0,0,0,1,0,0,0,0,1,1,0,2662839,1,0
1,0,1,1,1,0,0,0,1,0,1,0,0,1,1,1,1,1,0,1,1,0,0,1,15701003,0,1340045
0,0,0,0,0,0,1,0,0,0,0,0,1,1,0,0,0,1,1,0,1,0,0,1,6592770,1,0
1,1,0,0,1,0,1,1,0,0,0,0,0,0,0,1,0,0,0,0,0,0,0,0,6880236,1,0
0,1,1,0,1,0,1,0,0,0,1,0,0,0,0,0,0,0,1,1,0,1,0,0,8681268,1,0
0,1,1,0,1,1,1,0,0,0,0,0,1,0,1,1,0,1,0,0,0,1,0,0,10169250,1,0
0,0,0,0,0,1,0,0,0,0,0,0,0,0,1,0,1,1,0,1,0,0,0,1,3014717,1,0
0,1,1,0,1,0,0,1,0,1,0,1,0,0,1,0,0,1,1,1,0,1,0,1,13191545,0,258721
1,1,0,1,0,1,0,1,0,0,1,1,1,1,0,1,0,0,1,0,0,0,1,0,15247231,0,1043954
0,0,0,0,0,0,1,0,0,0,0,0,1,0,0,1,0,0,0,1,1,1,0,1,5303764,1,0
1,0,0,0,0,1,0,1,0,0,0,0,1,1,1,0,0,0,0,0,1,0,0,0,6646915,1,0
1,1,0,0,1,1,0,0,0,1,1,0,0,0,0,0,1,0,0,0,0,1,0,1,8913860,1,0
1,1,0,0,0,1,0,0,0,0,0,0,0,0,0,1,0,1,0,1,0,0,0,0,5586953,1,0
0,1,0,0,1,0,0,1,0,0,1,0,0,0,0,0,1,1,0,0,0,1,0,0,7868695,1,0
0,0,1,1,1,0,0,1,0,0,1,0,1,1,0,1,0,0,0,1,1,1,1,1,14306210,0,674182
1,0,0,0,1,0,1,0,0,0,0,0,0,0,0,1,1,0,0,1,0,0,1,1,5483386,1,0
0,0,0,1,1,1,1,0,1,0,0,0,0,0,0,1,1,0,0,0,0,1,0,0,7634875,1,0
0,1,1,0,0,0,1,1,1,1,1,0,1,0,0,0,1,0,1,0,1,0,1,1,15638678,0,1375126
0,0,0,1,1,1,1,0,0,0,1,0,0,0,0,1,1,1,0,0,0,0,0,0,8076586,1,0
1,1,1,0,1,1,1,0,0,1,0,0,0,0,0,0,1,0,0,1,0,0,0,0,7934389,1,0
0,1,0,0,1,0,0,0,0,0,0,0,1,0,0,1,0,0,0,1,1,0,1,0,7374832,1,0
1,1,0,1,1,0,1,1,0,0,1,1,1,0,0,0,1,0,1,0,1,1,1,1,15299429,0,1134730
0,1,1,0,0,0,0,1,0,0,1,0,0,0,1,0,0,0,0,1,0,1,1,0,8557594,1,0
0,1,0,0,1,1,1,0,0,0,1,0,0,0,0,1,0,0,0,0,1,1,1,0,8645592,1,0
0,0,0,0,0,0,0,0,0,0,1,0,0,0,0,0,1,0,0,0,1,1,1,0,4465348,1,0
0,1,0,0,0,1,0,1,0,0,0,0,0,0,0,1,0,1,0,0,1,1,1,0,7937074,1,0
0,0,0,0,1,0,0,0,0,0,1,0,1,0,0,0,1,0,1,0,1,0,0,0,7444683,1,0
0,1,0,0,1,0,1,0,0,0,0,0,1,0,0,0,0,1,0,0,0,1,0,0,5374381,1,0
0,0,0,0,0,1,1,1,0,0,0,0,0,0,1,1,1,0,0,0,1,0,1,1,6896738,1,0
0,1,0,0,1,0,0,0,0,0,0,1,1,0,0,0,0,1,1,1,1,0,0,0,8570008,1,0
0,0,1,1,0,0,1,0,0,0,0,0,0,0,0,0,1,0,0,1,0,0,1,0,4477619,1,0
